item_name,category_name,item_price_in_php,stocks
"8G Palit RTX 3050 Dual, pn: NE63050018P1-1070D",Gpu,12500.0,3
"12G Palit RTX 3060 Dual, pn: NE63060019K9-190AD-V1",Gpu,15650.0,0
"6G Palit RTX 3050 Storm X, pn: NE63050018JE-1070F",Gpu,9499.0,19
"8G Palit RTX 4060 Infinity 2, pn: NE64060019P1-1070L",Gpu,16999.0,8
"16G Palit RTX 4060 Ti Jetstream OC, pn: NE6406TU19T1-1061J",Gpu,29699.0,1
"Palit RTX 4080S SUPER Jetstream OC, pn: NED408SS19T2-1032J",Gpu,63825.0,0
"Palit RTX 4070S SUPER Dual, pn: NED407S019K9-1043D",Gpu,36725.0,4
"Palit RTX 4070S SUPER Ti Jetstream, pn: NED47TSS19T2-1043J",Gpu,49999.0,0
"Asus GTX 1650 Phoenix OC, pn: PH-GTX1650-O4GD6-P",Gpu,8199.0,19
"Asus GTX 1650 Dual OC EVO, pn: DUAL-GTX1650-O4GD6-P-EVO",Gpu,8750.0,4
"6G Asus RTX 3050 Dual OC, pn: DUAL-RTX3050-O6G",Gpu,10999.0,14
"Asus RTX 4090 TUF OC, pn: TUF-RTX4090-O24G-GAMING",Gpu,113999.0,1
"Asus RTX 4090 Strix OC black, pn: ROG-STRIX-RTX4090-O24G-GAMING",Gpu,126325.0,1
"Asus RTX 4090 Strix OC white, pn: ROG-STRIX-RTX4090-O24G-WHITE",Gpu,126325.0,1
"Asus RTX 4090 Strix BTF OC, pn: ROG-STRIX-RTX4090-O24GBTF-GAMING",Gpu,135399.0,1
"Asus ROG EVA-02 RTX 4090 Strix OC, pn: ROG-STRIX-RTX4090-O24G-EVA-02-EDITION",Gpu,132399.0,5
"8G Asus RTX 4060 Ti Dual OC white, pn: DUAL-RTX4060TI-O8G-WHITE",Gpu,25380.0,4
"8G Asus RTX 4060 Ti TUF Gaming OC, pn: TUF-RTX4060TI-O8G-GAMING",Gpu,27599.0,2
"8G Asus RTX 4060 Ti Strix OC, pn: ROG-STRIX-RTX4060TI-O8G-GAMING",Gpu,28999.0,4
"8G Asus RTX 4060 Ti Dual EVO OC, pn: DUAL-RTX4060TI-O8G-EVO",Gpu,25299.0,0
"8G Asus RTX 4060 Dual OC black, pn: DUAL-RTX4060-O8G-V2",Gpu,18999.0,0
"8G Asus RTX 4060 Dual OC white, pn: DUAL-RTX4060-O8G-WHITE",Gpu,19899.0,4
"8G Asus RTX 4060 Strix OC, pn: ROG-STRIX-RTX4060-O8G-GAMING",Gpu,23425.0,4
"8G Asus RTX 4060 ProArt OC, pn: PROART-RTX4060-O8G",Gpu,21480.0,4
"16G Asus RTX 4060 Ti Dual EVO OC, pn: DUAL-RTX4060TI-O16G-EVO",Gpu,29150.0,0
"Asus RTX 4080S SUPER TUF Gaming OC, pn: TUF-RTX4080S-O16G-GAMING",Gpu,77850.0,3
"Asus RTX 4080S SUPER Strix OC black, pn: ROG-STRIX-RTX4080S-O16G-GAMING",Gpu,85580.0,2
"Asus RTX 4080S SUPER Strix OC white, pn: ROG-STRIX-RTX4080S-O16G-WHITE",Gpu,86999.0,5
"Asus RTX 4080S SUPER ProArt OC, pn: PROART-RTX4080S-O16G",Gpu,79199.0,1
"Asus RTX 4070S SUPER Dual OC black, pn: DUAL-RTX4070S-O12G",Gpu,39999.0,4
"Asus RTX 4070S SUPER Dual OC white, pn: DUAL-RTX4070S-O12G-WHITE",Gpu,39999.0,1
"Asus RTX 4070S SUPER TUF Gaming OC, pn: TUF-RTX4070S-O12G-GAMING",Gpu,43899.0,3
"Asus RTX 4070S SUPER Strix OC, pn: ROG-STRIX-RTX4070S-O12G-GAMING",Gpu,47399.0,3
"Asus RTX 4070S SUPER Dual OC EVO white, pn: DUAL-RTX4070S-O12G-WHITE EVO",Gpu,39799.0,0
"Asus RTX 4070S SUPER Prime OC, pn: PRIME-RTX4070S-O12G",Gpu,40399.0,0
"Asus RTX 4070S Ti SUPER Dual OC, pn: DUAL-RTX4070TIS-O16G",Gpu,57380.0,5
"Asus RTX 4070S Ti SUPER TUF Gaming, pn: TUF-RTX4070TIS-16G-GAMING",Gpu,54899.0,1
"Asus RTX 4070S Ti SUPER TUF Gaming OC black, pn: TUF-RTX4070TIS-O16G-GAMING",Gpu,58299.0,3
"Asus RTX 4070S Ti SUPER Strix OC, pn: ROG-STRIX-RTX4070TIS-O16G-GAMING",Gpu,63199.0,3
"Asus RTX 4070S Ti SUPER TUF Gaming OC white, pn: TUF-RTX4070TIS-O16G-WHITE-GAMING",Gpu,60550.0,4
"Asus RTX 4070S Ti SUPER TUF BTF Gaming OC white, pn: TUF-RTX4070TIS-O16G-BTF-WHITE",Gpu,65625.0,5
"MSI GTX 1650 D6 Ventus XS OCV3, pn: 912-V812-003",Gpu,7999.0,4
"8G MSI RTX 3050 Ventus 2X OC, pn: 912-V397-457 (G)",Gpu,12500.0,0
"12G MSI RTX 3060 Ventus 2X OC, pn: 912-V397-664",Gpu,17850.0,8
"MSI RTX 4090 Gaming X Trio, pn: 912-V510-296",Gpu,112680.0,1
"MSI RTX 4090 Gaming X Slim, pn: 912-V510-297",Gpu,110799.0,1
"MSI RTX 4090 Ventus 3X E OC, pn: 912-V510-273",Gpu,108580.0,1
"8G MSI RTX 4060 Ti Ventus 3X E OC, pn: 912-V515-065",Gpu,27599.0,0
"8G MSI RTX 4060 Ti Ventus 2X Black OC, pn: 912-V515-041",Gpu,26299.0,3
"8G MSI RTX 4060 Ti Gaming X, pn: 912-V515-069",Gpu,28299.0,4
"8G MSI RTX 4060 Ti Gaming X Slim, pn: 912-V515-067",Gpu,26799.0,1
"8G MSI RTX 4060 Ti Gaming X Slim x Force GC30 Monster Hunter, pn: 912-V515-209",Gpu,32999.0,1
"8G MSI RTX 4060 Ventus 2X Black OC, pn: 912-V516-012",Gpu,19699.0,6
"8G MSI RTX 4060 Ventus 2X White OC, pn: 912-V516-030",Gpu,19999.0,4
"8G MSI RTX 4060 Gaming X NV, pn: 912-V516-033",Gpu,20850.0,2
"8G MSI RTX 4060 Gaming X MLG, pn: 912-V516-074",Gpu,22699.0,2
"16G MSI RTX 4060 Ti Ventus 2X Black OC, pn: 912-V517-005",Gpu,31299.0,1
"16G MSI RTX 4060 Ti Ventus 3X OC, pn: 912-V517-004",Gpu,31999.0,1
"16G MSI RTX 4060 Ti Gaming X Slim Black, pn: 912-V517-002",Gpu,29999.0,2
"MSI RTX 4080S SUPER Ventus 3X OC, pn: 912-V511-233",Gpu,65999.0,1
"MSI RTX 4080S SUPER Expert, pn: 912-V511-238",Gpu,70680.0,0
"MSI RTX 4080S SUPER Gaming X Slim, pn: 912-V511-231",Gpu,67950.0,0
"MSI RTX 4070S SUPER Ventus 2X OC Black, pn: 912-V513-641",Gpu,39750.0,0
"MSI RTX 4070S SUPER Ventus 2X OC White, pn: 912-V513-831",Gpu,39999.0,3
"MSI RTX 4070S SUPER Ventus 3X OC, pn: 912-V513-827",Gpu,40350.0,0
"MSI RTX 4070S SUPER Gaming X Slim Black, pn: 912-V513-631",Gpu,42850.0,1
"MSI RTX 4070S SUPER Gaming X Slim White, pn: 912-V513-632",Gpu,43180.0,2
"MSI RTX 4070S SUPER Gaming X Slim MLG, pn: 912-V513-667",Gpu,43699.0,1
"MSI RTX 4070S SUPER Gaming Slim World of Warcraft, pn: 912-V513-884",Gpu,47599.0,0
"MSI RTX 4070S Ti SUPER Ventus 2X OC, pn: 912-V513-628",Gpu,52950.0,2
"MSI RTX 4070S Ti SUPER Ventus 3X OC, pn: 912-V513-627",Gpu,54525.0,2
"MSI RTX 4070S Ti SUPER Gaming X Slim, pn: 912-V513-625",Gpu,55225.0,0
"MSI RTX 4070S Ti SUPER Expert, pn: 912-V513-683",Gpu,53750.0,2
"MSI RTX 4070S Ti SUPER Gaming Slim Stalker 2, pn: 912-V513-875",Gpu,56399.0,0
"Galax GTX 1650 EX-1 Click OC Plus, pn: 65SQL8DS93E1",Gpu,7799.0,34
"8G Galax RTX 3060 1-Click OC, pn: 36NSL8MD6OCC",Gpu,17899.0,160
"6G Galax RTX 3050 EX 1-Click OC, pn: 35NRLDMD9OEX",Gpu,10999.0,15
"Galax RTX 4070 Ti EX Gamer White V2 3X Fan, pn: 47IOM7MD8KWE",Gpu,46825.0,1
"Galax RTX 4070 EX Gamer Black 3X Fan, pn: 47NOM7MD7JEG",Gpu,33525.0,6
"8G Galax RTX 4060 Ti 1-Click OC, pn: 46ISL8MD8COC",Gpu,23950.0,2
"8G Galax RTX 4060 EX 1-Click OC, pn: 46NSL8MD8MEX",Gpu,18999.0,3
"Galax RTX 4080S SUPER SG 3X Fan, pn: 48SZM6MD9RSG",Gpu,67380.0,1
"Galax RTX 4070S SUPER 1-Click OC 2X V2 Black, pn: 47SOM7MDABCD",Gpu,36299.0,0
"Galax RTX 4070S SUPER EX Gamer 1-Click OC Black 3X Fan, pn: 47SOM7MD7JBK",Gpu,38399.0,0
"Galax RTX 4070S Ti SUPER EX Gamer 1-Click OC Black 3X Fan, pn: 47UZM6MD9BUP",Gpu,52125.0,1
"Galax RTX 4070S Ti SUPER EX Gamer 1-Click OC V2 Black, Triple Fan, pn: 47UZM6MD7JDL",Gpu,52099.0,0
"Galax RTX 4070S Ti SUPER EX Gamer 1-Click OC V2 White, Triple Fan, pn: 47UZM6MD7KWE",Gpu,52099.0,0
"Aorus RTX 4060 Ti Elite, pn: GV-N406TAORUS-E-8GD",Gpu,28680.0,0
"Aorus RTX 4080S SUPER Master, pn: GV-N408SAORUS-M-16GD",Gpu,77599.0,1
"Aorus RTX 4070S SUPER Master, pn: GV-N407SAORUS-M-12GD",Gpu,43950.0,1
"Aorus RTX 4070S Ti SUPER Master, pn: GV-N407TSAORUS-M-16GD",Gpu,56699.0,1
"Gigabyte GTX 1660S SUPER D6, pn: GV-N166SD6-6GD",Gpu,11999.0,49
"12G Gigabyte RTX 3060 Windforce OC, pn: GV-N3060WF2OC-12GD-2.0",Gpu,17399.0,5
"12G Gigabyte RTX 3060 Gaming OC, pn: GV-N3060GAMING-OC-12GD-2.0",Gpu,18699.0,7
"6G Gigabyte RTX 3050 Windforce OC, pn: GV-N3050WF2OC-6GD",Gpu,10699.0,4
"6G Gigabyte RTX 3050 Eagle OC, pn: GV-N3050EAGLE-OC-6GD",Gpu,10999.0,0
"8G Gigabyte RTX 4060 Ti Windforce OC V2, pn: GV-N406TWF2OCV2-8GD",Gpu,23799.0,0
"8G Gigabyte RTX 4060 Ti Eagle, pn: GV-N406TEAGLE-8GD",Gpu,24299.0,3
"8G Gigabyte RTX 4060 Ti Eagle OC, pn: GV-N406TEAGLE-OC-8GD",Gpu,24899.0,5
"8G Gigabyte RTX 4060 Ti Gaming OC, pn: GV-N406TGAMING-OC-8GD",Gpu,25500.0,3
"8G Gigabyte RTX 4060 Ti Aero OC, pn: GV-N406TAERO-OC-8GD",Gpu,26599.0,4
"8G Gigabyte RTX 4060 Ti Eagle OC ICE, pn: GV-N406TEAGLEOC-ICE-8GD",Gpu,25199.0,2
"8G Gigabyte RTX 4060 Windforce OC, pn: GV-N4060WF2OC-8GD",Gpu,18999.0,3
"8G Gigabyte RTX 4060 Eagle OC, pn: GV-N4060EAGLE-OC-8GD",Gpu,19350.0,5
"8G Gigabyte RTX 4060 Gaming OC, pn: GV-N4060GAMING-OC-8GD",Gpu,20299.0,5
"8G Gigabyte RTX 4060 Aero OC, pn: GV-N4060AERO-OC-8GD",Gpu,20650.0,3
"8G Gigabyte RTX 4060 Eagle OC ICE, pn: GV-N4060EAGLEOC-ICE-8GD",Gpu,19750.0,2
"16G Gigabyte RTX 4060 Ti Windforce OC, pn: GV-N406TWF2OC-16GD",Gpu,27450.0,1
"16G Gigabyte RTX 4060 Ti Gaming OC, pn: GV-N406TGAMING-OC-16GD",Gpu,30299.0,2
"16G Gigabyte RTX 4060 Ti Aero OC, pn: GV-N406TAERO-OC-16GD",Gpu,30999.0,0
"Gigabyte RTX 4080S SUPER Windforce, pn: GV-N408SWF3V2-16GD",Gpu,66850.0,1
"Gigabyte RTX 4080S SUPER Gaming OC, pn: GV-N408SGAMING-OC-16GD",Gpu,69599.0,2
"Gigabyte RTX 4080S SUPER Aero OC, pn: GV-N408SAERO-OC-16GD",Gpu,71199.0,3
"Gigabyte RTX 4070S SUPER Windforce OC, pn: GV-N407SWF3OC-12GD",Gpu,40350.0,2
"Gigabyte RTX 4070S SUPER Eagle OC, pn: GV-N407SEAGLE-OC-12GD",Gpu,41499.0,2
"Gigabyte RTX 4070S SUPER Gaming OC, pn: GV-N407SGAMING-OC-12GD",Gpu,42399.0,0
"Gigabyte RTX 4070S SUPER Aero OC, pn: GV-N407SAERO-OC-12GD",Gpu,43750.0,2
"Gigabyte RTX 4070S SUPER Eagle OC ICE, pn: GV-N407SEAGLEOC-ICE-12GD",Gpu,41899.0,1
"Gigabyte RTX 4070S Ti SUPER Windforce OC, pn: GV-N407TSWF3OC-16GD",Gpu,52599.0,2
"Gigabyte RTX 4070S Ti SUPER Eagle OC, pn: GV-N407TSEAGLE-OC-16GD",Gpu,54899.0,2
"Gigabyte RTX 4070S Ti SUPER Gaming OC, pn: GV-N407TSGAMING-OC-16GD",Gpu,52650.0,2
"Gigabyte RTX 4070S Ti SUPER Aero OC, pn: GV-N407TSAERO-OC-16GD",Gpu,58699.0,1
"Gigabyte RTX 4070S Ti SUPER Eagle OC ICE, pn: GV-N407TSEAGLEOCICE-16GD",Gpu,51799.0,2
"Sapphire RX 6600 Pulse, pn: SPR-11310-01-20G",Gpu,12999.0,11
"Sapphire RX 7900XTX Nitro+ OC Vapor-X, pn: SPR-11322-01-40G",Gpu,65699.0,2
"Sapphire RX 7600 Pulse OC, pn: SPR-11324-01-20G",Gpu,16299.0,8
"Sapphire RX 7700XT Pulse, pn: SPR-11335-04-20G",Gpu,26299.0,5
"Sapphire RX 7700XT Pure Gaming OC, pn: SPR-11335-03-20G",Gpu,27999.0,0
"Sapphire RX 7700XT Pure Frostpunk 2, pn: SPR-11335-08-50G",Gpu,27999.0,6
"Sapphire RX 7800XT Pulse, pn: SPR-11330-02-20G",Gpu,31699.0,3
"Sapphire RX 7800XT Nitro+ Gaming OC, pn: SPR-11330-01-20G",Gpu,34199.0,3
"Sapphire RX 7800XT Pure, pn: SPR-11330-03-20G",Gpu,32499.0,2
"Sapphire RX 7900 Pulse GRE Gaming OC, pn: SPR-11325-04-20G",Gpu,40550.0,1
"Sapphire RX 7900 Nitro+ GRE Gaming OC, pn: SPR-11325-02-20G",Gpu,42950.0,0
"4G Asus RX560 Strix V2, pn: ROG-STRIX-RX560-4G-V2-GAMING",Gpu,4999.0,53
"Asus RX 6500XT Dual OC V2, pn: DUAL-RX6500XT-O4G-V2",Gpu,8599.0,0
"Asus RX 6600 Dual V3, pn: DUAL-RX6600-8G-V3",Gpu,12999.0,0
"Asus RX 7600 Dual OC V2, pn: DUAL-RX7600-O8G-V2",Gpu,16399.0,16
"Asus RX 7600XT Dual OC, pn: DUAL-RX7600XT-O16G",Gpu,22999.0,2
"Asus RX 7700XT Dual OC, pn: DUAL-RX7700XT-O12G",Gpu,27899.0,11
"Asus RX 7800XT Dual OC, pn: DUAL-RX7800XT-O16G",Gpu,33299.0,11
"Gigabyte RX 6500XT Eagle, pn: GV-R65XTEAGLE-4GD",Gpu,8550.0,15
"Gigabyte RX 6600 Eagle, pn: GV-R66EAGLE-8GD",Gpu,12799.0,3
"Gigabyte RX 7600 XT Gaming OC, pn: GV-R76XTGAMING-OC-16GD",Gpu,21299.0,1
"Gigabyte RX 7700XT Gaming OC, pn: GV-R77XTGAMING-OC-12GD",Gpu,26850.0,2
"Gigabyte RX 7800XT Gaming OC, pn: GV-R78XTGAMING-OC-16GD",Gpu,33199.0,1
"Gigabyte RX 7900 GRE Gaming OC, pn: GV-R79GREGAMING-OC-16GD",Gpu,41599.0,1
"6G MSI RTX 3050 Ventus 2X OC, pn: 912-V812-016",Gpu,10999.0,0
"8G Asus RTX 4060 Ti Prime OC, pn: PRIME-RTX4060TI-O8G",Gpu,26199.0,0
"8G Asus RTX 4060 Dual EVO OC white, pn: DUAL-RTX4060-O8G-EVO-WHITE",Gpu,19899.0,0
"Sapphire RX 7600 XT Pulse OC, pn: SPR-11339-04-20G",Gpu,20599.0,0
"Palit RTX 4080S SUPER Infinity 3 OC, pn: NED408SS19T2-1032S",Gpu,64299.0,0
"Palit RTX 4070S Ti SUPER Jetstream, pn: NED47TSS19T2-1043J",Gpu,49999.0,0
"Palit RTX 4070S Ti SUPER Infinity 3 OC, pn: NED47TSS19T2-1043S",Gpu,49599.0,0
"MSI RTX 4070S SUPER Gaming Slim Wukong, pn: 912-V513-1009",Gpu,42399.0,0
2gb Ramsta GT730 ddr3 128bit,Gpu,1599.0,0
"Sapphire RX 7700XT Nitro+ Gaming OC, pn: SPR-11335-02-20G",Gpu,29199.0,0
"8G Galax RTX 4060 Ti EX 1-Click OC, pn: 46ISL8MD8AEX",Gpu,25999.0,0
"Sapphire Radeon RX 6600 Pulse, pn: SPR-11310-01-20G",Gpu,12999.0,11
"Sapphire Radeon RX 7600 Pulse OC, pn: SPR-11324-01-20G",Gpu,16450.0,8
"Sapphire Radeon RX 7600 XT Pulse OC, pn: SPR-11339-04-20G",Gpu,20999.0,0
"Sapphire Radeon RX 7700XT Pulse, pn: SPR-11335-04-20G",Gpu,26899.0,5
"Sapphire Radeon RX 7700XT Nitro+ Gaming OC, pn: SPR-11335-02-20G",Gpu,29500.0,0
"Sapphire Radeon RX 7700XT Pure Frostpunk 2, pn: SPR-11335-08-50G",Gpu,28299.0,6
"Sapphire Radeon RX 7800XT Pulse, pn: SPR-11330-02-20G",Gpu,31999.0,3
"Sapphire Radeon RX 7800XT Nitro+ Gaming OC, pn: SPR-11330-01-20G",Gpu,34950.0,3
"4G Asus Radeon RX560 Strix V2, pn: ROG-STRIX-RX560-4G-V2-GAMING",Gpu,4999.0,53
"Asus Radeon RX 6500XT Dual OC V2, pn: DUAL-RX6500XT-O4G-V2",Gpu,8599.0,0
"Asus Radeon RX 6600 Dual V3, pn: DUAL-RX6600-8G-V3",Gpu,12999.0,0
"Asus Radeon RX 7600 Dual OC V2, pn: DUAL-RX7600-O8G-V2",Gpu,16399.0,16
"Asus Radeon RX 7600XT Dual OC, pn: DUAL-RX7600XT-O16G",Gpu,22999.0,2
"Asus Radeon RX 7700XT Dual OC, pn: DUAL-RX7700XT-O12G",Gpu,27899.0,11
"Asus Radeon RX 7800XT Dual OC, pn: DUAL-RX7800XT-O16G",Gpu,33299.0,11
"Gigabyte Radeon RX 6500XT Eagle, pn: GV-R65XTEAGLE-4GD",Gpu,8699.0,15
"Gigabyte Radeon RX 6600 Eagle, pn: GV-R66EAGLE-8GD",Gpu,12599.0,3
"Gigabyte Radeon RX 7600 XT Gaming OC, pn: GV-R76XTGAMING-OC-16GD",Gpu,21650.0,1
"Gigabyte Radeon RX 7700XT Gaming OC, pn: GV-R77XTGAMING-OC-12GD",Gpu,27150.0,2
"Gigabyte Radeon RX 7800XT Gaming OC, pn: GV-R78XTGAMING-OC-16GD",Gpu,33499.0,1
"8G Galax RTX 4060 1-Click OC 2X V2, pn: 46NSL8MD9NXV",Gpu,17999.0,0
"ASRock Intel Arc B580 ChaIlenger OC, pn: AR-B580-CL-12GO",Gpu,17650.0,0
"ASRock Intel Arc B580 Steel Legend OC, pn: AR-B580-SL-12GO",Gpu,18299.0,0
"Intel Arc B580, pn: 31P06HB0BA",Gpu,16499.0,0
"8G MSI RTX 4060 Ti Ventus 2X Black E1 OC, pn: 912-V512-005",Gpu,24150.0,0
"Asus RTX 5080 TUF Gaming OC, pn: TUF-RTX5080-O16G-GAMING",Gpu,99499.0,0
"Asus RTX 5080 Prime OC, pn: PRIME-RTX5080-O16G",Gpu,86299.0,0
"Asus RTX 5080 ROG Astral OC, pn: ROG-ASTRAL-RTX5080-O16G-GAMING",Gpu,111199.0,0
"Asus RTX 5090 TUF, pn: TUF-RTX5090-32G-GAMING",Gpu,155690.0,0
"Asus RTX 5090 TUF OC, pn: TUF-RTX5090-O32G-GAMING",Gpu,206750.0,0
"Asus RTX 5090 ROG Astral OC, pn: ROG-ASTRAL-RTX5090-O32G-GAMING",Gpu,221999.0,0
"Asus RTX 5090 ROG Astral LC OC, pn: ROG-ASTRAL-LC-RTX5090-O32G-GAMING",Gpu,299999.0,0
"MSI RTX 5080 Ventus 3X OC Plus, pn: 912-V531-030",Gpu,78599.0,0
"MSI RTX 5080 Inspire 3X OC, pn: 912-V531-203",Gpu,79699.0,0
"MSI RTX 5080 Gaming Trio OC, pn: 912-V531-026",Gpu,81999.0,0
"MSI RTX 5080 Suprim SOC, pn: 912-V531-028",Gpu,87850.0,0
"MSI RTX 5080 Surprim Liquid SOC, pn: 912-V531-027",Gpu,89299.0,0
"MSI RTX 5090 Gaming Trio OC, pn: 912-V530-024",Gpu,162500.0,0
Colorful iGame RTX 5080 Ultra W OC V,Gpu,69999.0,0
"Palit RTX 5080 Gamerock, pn: NE75080019T2-GB2030G",Gpu,74750.0,0
"Gigabyte RTX 5080 Gaming OC, pn: GV-N5080GAMING-OC-16GD",Gpu,85350.0,0
"Aorus RTX 5080 Xtreme Waterforce WB, pn: GV-N5080AORUSX-WB-16GD",Gpu,96899.0,0
"Sapphire Radeon RX 7600XT Pulse OC, pn: SPR-11339-04-20G",Gpu,20999.0,7
"Gigabyte Radeon RX 7600XT Gaming OC, pn: GV-R76XTGAMING-OC-16GD",Gpu,21650.0,5
"Palit RTX 5080 Gaming Pro OC, pn: NE75080S19T2-GB2031A",Gpu,76799.0,0
"Palit RTX 5090 Gamerock, pn: NE75090019R5-GB2020G",Gpu,154850.0,0
"Aorus RTX 5080 Master ICE, pn: GV-N5080AORUSM-ICE-16GD",Gpu,99999.0,0
"Gigabyte RTX 5090 Gaming OC, pn: GV-N5090GAMING-OC-32GD",Gpu,179999.0,0
"Aorus RTX 5090 Master, pn: GV-N5090AORUS-M-32GD",Gpu,200500.0,0
"Gigabyte RTX 5080 Windforce OC SFF, pn: GV-N5080WF3OC-16GD",Gpu,83299.0,0
"Asus RTX 5080 Prime, pn: PRIME-RTX5080-16G",Gpu,79999.0,0
"Asus RTX 5070 Ti Prime, pn: PRIME-RTX5070TI-16G",Gpu,66999.0,0
"Asus RTX 5070 Ti Prime OC, pn: PRIME-RTX5070TI-O16G",Gpu,69999.0,0
"Asus RTX 5070 Ti TUF OC, pn: TUF-RTX5070TI-O16G-GAMING",Gpu,77500.0,0
"MSI RTX 5080 Vanguard SOC Lauch Edition, pn: 912-V531-032",Gpu,87199.0,0
"MSI RTX 5080 Ventus 3X OC white, pn: 912-V531-202",Gpu,82350.0,0
"MSI RTX 5080 Gaming Trio OC white, pn: 912-V531-045",Gpu,84950.0,0
"MSI RTX 5090 Suprim SOC, pn: 912-V530-026",Gpu,189999.0,0
"MSI RTX 5070 Ti Vanguard SOC Lauch Edition, pn: 912-V531-068",Gpu,63650.0,0
"MSI RTX 5070 Ti Ventus 3X OC, pn: 912-V531-092",Gpu,58599.0,0
"MSI RTX 5070 Ti Inspire 3X OC Plus, pn: 912-V531-099",Gpu,59999.0,0
"MSI RTX 5070 Ti Gaming Trio OC Plus, pn: 912-V531-058",Gpu,62450.0,0
"Galax RTX 4070 D6 EX Gamer OC Black 3X Fan, pn: 47NOL7MD7JEX",Gpu,33999.0,0
"8G Galax RTX 4060 1-Click OC 1X, pn: 46NSL8MD8ZOC",Gpu,16999.0,0
"Galax RTX 4070S SUPER EX Gamer 1-Click OC White 3X Fan, pn: 47SOM7MD7KWE",Gpu,39250.0,0
"Galax RTX 4070S Ti SUPER EX Gamer 1-Click OC V2 Black 3X Fan, pn: 47UZM6MD7JDL",Gpu,49999.0,0
"Galax RTX 4070S Ti SUPER EX Gamer 1-Click OC V2 White 3X Fan, pn: 47UZM6MD7KWE",Gpu,49999.0,2
"Aorus RTX 5070 Ti Master, pn: GV-N507TAORUS-M-16GD",Gpu,79999.0,0
"Gigabyte RTX 5070 Ti Windforce OC SFF, pn: GV-N507TWF3OC-16GD",Gpu,65399.0,0
"Gigabyte RTX 5070 Ti Gaming OC, pn: GV-N507TGAMING OC-16GD",Gpu,73599.0,0
"Gigabyte RTX 5070 Ti Aero OC, pn: GV-N507TAERO-OC-16GD",Gpu,75399.0,0
"Gigabyte RTX 5070 Ti Eagle OC SFF, pn: GV-N507TEAGLE OC-16GD",Gpu,69899.0,0
"Gigabyte RTX 5070 Ti Eagle OC ICE SFF, pn: GV-N507TEAGLEOC-ICE-16GD",Gpu,71599.0,0
"Palit RTX 5070 Ti Gamerock, pn: NE7507T019T2-GB2030G",Gpu,65199.0,0
Colorful iGame RTX 5070 Ti Ultra W OC V,Gpu,59999.0,0
"8G Galax RTX 4060 EX White 1-Click OC, pn: 46NSL8MD8NWE",Gpu,19599.0,0
"MSI RTX 3080 Ti Ventus 3X OC, pn: 912-V389-059",Gpu,49999.0,0
"Aorus RTX 5080 Master, pn: GV-N5080AORUS M-16GD",Gpu,99999.0,0
"Gigabyte RTX 5080 Aero OC SFF, pn: GV-N5080AERO-OC-16GD",Gpu,95500.0,0
"Asus RTX 5070 TUF Gaming OC, pn: TUF-RTX5070-O12G-GAMING",Gpu,58999.0,0
"Gigabyte RTX 5080 Aero OC SFF, pn: GV-N5080AERO OC-16GD",Gpu,95500.0,0
Colorful iGame RTX 4070 Ultra W OC V2-V,Gpu,33999.0,0
Colorful iGame RTX 4070 Ultra W OC V3-V,Gpu,33999.0,0
"Inno3d RTX 4070 Ti X3, pn: N407T3-126X-186148N",Gpu,41999.0,0
"Inno3d RTX 4070 Ti iChill X3, pn: C407T3-126XX-186148H",Gpu,43850.0,0
"16G Inno3d RTX 4060 Ti Twin X2 OC, pn: N406T2-16D6X-178055N",Gpu,26999.0,0
"Inno3d RTX 4070S Ti SUPER Twin X2, pn: N407TS2-166X-186156N",Gpu,45299.0,0
"Inno3d RTX 4070S Ti SUPER Twin X2 OC, pn: N407TS2-166XX-186156N",Gpu,47500.0,0
"Asus RTX 4070 Prime OC, pn: PRIME-RTX4070-O12G",Gpu,39999.0,0
"MSI RTX 4070 Gaming X Slim, pn: 912-V513-426",Gpu,40999.0,0
"MSI RTX 4070S Ti Super Shadow 3X OC, pn: 912-V513-887",Gpu,53899.0,0
"Galax RTX 5080 1-Click OC, pn: 58NZN6MDBBOC",Gpu,88950.0,0
"Sapphire Radeon RX 9070 Pure OC, pn: SPR-11349-02-20G",Gpu,44250.0,0
"Sapphire Radeon RX 9070XT Pulse, pn: SPR-11348-03-20G",Gpu,46699.0,0
"Sapphire Radeon RX 9070XT Nitro+ OC, pn: SPR-11348-01-20G",Gpu,51899.0,0
"Sapphire Radeon RX 9070XT Pure OC, pn: SPR-11348-02-20G",Gpu,48250.0,0
"Asus Radeon RX 9070 Prime OC, pn: PRIME-RX9070-O16G",Gpu,49399.0,0
"Asus Radeon RX 9070 TUF Gaming OC, pn: TUF-RX9070-O16G-GAMING",Gpu,50999.0,0
"Asus Radeon RX 9070XT Prime OC, pn: PRIME-RX9070XT-O16G",Gpu,56250.0,0
"Asus Radeon RX 9070XT TUF Gaming OC, pn: TUF-RX9070XT-O16G-GAMING",Gpu,57899.0,0
"Gigabyte Radeon RX 9070 Gaming OC, pn: GV-R9070GAMING-OC-16GD",Gpu,43850.0,0
"Gigabyte Radeon RX 9070XT Gaming OC, pn: GV-R9070XTGAMING-OC-16GD",Gpu,48799.0,0
"Asus RTX 4070TS Ti SUPER Dual OC, pn: DUAL-RTX4070TIS-O16G",Gpu,55899.0,6
"Asus RTX 4070TS Ti SUPER Strix OC, pn: ROG-STRIX-RTX4070TIS-O16G-GAMING",Gpu,65599.0,0
"Asus RTX 4070TS Ti SUPER TUF Gaming OC white, pn: TUF-RTX4070TIS-O16G-WHITE-GAMING",Gpu,60199.0,6
"Asus RTX 4070TS Ti SUPER TUF BTF Gaming OC white, pn: TUF-RTX4070TIS-O16G-BTF-WHITE",Gpu,66999.0,4
"Asus RTX 5070 Prime OC, pn: PRIME-RTX5070-O12G",Gpu,51199.0,0
"MSI RTX 4070TS Ti SUPER Ventus 2X OC, pn: 912-V513-628",Gpu,52399.0,0
"MSI RTX 4070TS Ti SUPER Ventus 3X OC, pn: 912-V513-627",Gpu,53899.0,5
"MSI RTX 4070TS Ti SUPER Expert, pn: 912-V513-683",Gpu,57199.0,1
"MSI RTX 4070TS Ti SUPER Gaming Slim Stalker 2, pn: 912-V513-875",Gpu,55799.0,0
"MSI RTX 4070TS Ti Super Shadow 3X OC, pn: 912-V513-887",Gpu,53899.0,0
"MSI RTX 5080 Ventus 3X OC black, pn: 912-V531-262",Gpu,83500.0,0
"Galax RTX 4070TS Ti SUPER EX Gamer 1-Click OC V2 Black 3X Fan, pn: 47UZM6MD7JDL",Gpu,51599.0,0
"Galax RTX 4070TS Ti SUPER EX Gamer 1-Click OC V2 White 3X Fan, pn: 47UZM6MD7KWE",Gpu,51599.0,2
"Aorus RTX 5090 Master ICE, pn: GV-N5090AORUSM ICE-32GD",Gpu,211999.0,0
"Gigabyte RTX 5070 Windforce OC SFF, pn: GV-N5070WF3OC-12GD",Gpu,43299.0,0
"Gigabyte RTX 5070 Gaming OC, pn: GV-N5070GAMING-OC-12GD",Gpu,47699.0,0
"Palit RTX 5070 Ti Gaming Pro, pn: NE7507T019T2-GB2031A",Gpu,56199.0,0
"Palit RTX 5070 Gaming Pro, pn: NE75070019K9-GB2050A",Gpu,44650.0,0
"Asus RTX 5070 Ti TUF Gaming OC, pn: TUF-RTX5070TI-O16G-GAMING",Gpu,77500.0,0
"Galax RTX 4070 1-Click OC 2X V2, pn: 47NOM7MDABXV",Gpu,33999.0,0
"Gigabyte RTX 5070 Eagle OC SFF, pn: GV-N5070EAGLE-OC-12GD",Gpu,45399.0,0
"Gigabyte RTX 5070 Eagle OC ICE SFF, pn: GV-N5070EAGLEOC-ICE-12GD",Gpu,46199.0,0
"Sapphire Radeon RX 9070 Pulse, pn: SPR-11349-03-20G",Gpu,43799.0,0
"Sapphire Radeon RX 9070 Nitro+ OC, pn: SPR-11348-01-20G",Gpu,48099.0,0
"Inno3d RTX 4070Ti X3, pn: N407T3-126X-186148N",Gpu,43999.0,0
"Inno3d RTX 4070Ti iChill X3, pn: C407T3-126XX-186148H",Gpu,45299.0,0
"16G Inno3d RTX 4060Ti Twin X2 OC, pn: N406T2-16D6X-178055N",Gpu,28999.0,0
"Inno3d RTX 4070S SUPER Twin X2 OC, pn: N407S2-126SS-186162W",Gpu,38999.0,0
"Inno3d RTX 4070TS Ti SUPER Twin X2, pn: N407TS2-166X-186156N",Gpu,49999.0,0
"Inno3d RTX 4070TS Ti SUPER Twin X2 OC, pn: N407TS2-166XX-186156N",Gpu,50999.0,0
"16G Palit RTX 4060Ti Jetstream OC, pn: NE6406TU19T1-1061J",Gpu,30350.0,1
"Palit RTX 5070Ti Gamerock, pn: NE7507T019T2-GB2030G",Gpu,59399.0,0
"Palit RTX 5070Ti Gaming Pro, pn: NE7507T019T2-GB2031A",Gpu,56199.0,0
"8G Asus RTX 4060Ti Dual OC white, pn: DUAL-RTX4060TiI-O8G-WHITE",Gpu,26199.0,8
"8G Asus RTX 4060Ti TUF Gaming OC, pn: TUF-RTX4060TiI-O8G-GAMING",Gpu,28899.0,3
"8G Asus RTX 4060Ti Strix OC, pn: ROG-STRIX-RTX4060TiI-O8G-GAMING",Gpu,30199.0,6
"8G Asus RTX 4060Ti Dual EVO OC, pn: DUAL-RTX4060TiI-O8G-EVO",Gpu,26999.0,9
"8G Asus RTX 4060Ti Prime OC, pn: PRIME-RTX4060TiI-O8G",Gpu,26650.0,11
"16G Asus RTX 4060Ti Dual EVO OC, pn: DUAL-RTX4060TiI-O16G-EVO",Gpu,30999.0,9
"Asus RTX 5070Ti Prime, pn: PRIME-RTX5070TI-16G",Gpu,66999.0,0
"Asus RTX 5070Ti Prime OC, pn: PRIME-RTX5070TI-O16G",Gpu,69999.0,0
"Asus RTX 5070Ti TUF Gaming OC, pn: TUF-RTX5070TI-O16G-GAMING",Gpu,77500.0,0
"8G MSI RTX 4060Ti Ventus 2X Black E1 OC, pn: 912-V512-005",Gpu,24699.0,0
"8G MSI RTX 4060Ti Ventus 3X E OC, pn: 912-V515-065",Gpu,26099.0,0
"8G MSI RTX 4060Ti Ventus 2X Black OC, pn: 912-V515-041",Gpu,24699.0,7
"8G MSI RTX 4060Ti Gaming X, pn: 912-V515-069",Gpu,26699.0,5
"8G MSI RTX 4060Ti Gaming X Slim x Force GC30 Monster Hunter, pn: 912-V515-209",Gpu,30999.0,1
"16G MSI RTX 4060Ti Ventus 2X Black OC, pn: 912-V517-005",Gpu,29499.0,4
"16G MSI RTX 4060Ti Ventus 3X OC, pn: 912-V517-004",Gpu,30099.0,0
"MSI RTX 5070Ti Vanguard SOC Lauch Edition, pn: 912-V531-068",Gpu,63650.0,0
"MSI RTX 5070Ti Ventus 3X OC, pn: 912-V531-092",Gpu,58599.0,0
"MSI RTX 5070Ti Inspire 3X OC Plus, pn: 912-V531-099",Gpu,59999.0,0
"MSI RTX 5070Ti Gaming Trio OC Plus, pn: 912-V531-058",Gpu,63199.0,0
"8G Galax RTX 4060Ti EX 1-Click OC, pn: 46ISL8MD8AEX",Gpu,26899.0,4
"Aorus RTX 5070Ti Master, pn: GV-N507TAORUS-M-16GD",Gpu,73599.0,0
"8G Gigabyte RTX 4060Ti Windforce OC V2, pn: GV-N406TWF2OCV2-8GD",Gpu,24299.0,3
"8G Gigabyte RTX 4060Ti Eagle OC, pn: GV-N406TEAGLE-OC-8GD",Gpu,25499.0,2
"8G Gigabyte RTX 4060Ti Gaming OC, pn: GV-N406TGAMING-OC-8GD",Gpu,26099.0,2
"8G Gigabyte RTX 4060Ti Aero OC, pn: GV-N406TAERO-OC-8GD",Gpu,27299.0,5
"8G Gigabyte RTX 4060Ti Eagle OC ICE, pn: GV-N406TEAGLEOC-ICE-8GD",Gpu,25799.0,1
"16G Gigabyte RTX 4060Ti Gaming OC, pn: GV-N406TGAMING-OC-16GD",Gpu,31199.0,4
"16G Gigabyte RTX 4060Ti Aero OC, pn: GV-N406TAERO-OC-16GD",Gpu,31899.0,4
"Gigabyte RTX 5070Ti Windforce OC SFF, pn: GV-N507TWF3OC-16GD",Gpu,61899.0,0
"Gigabyte RTX 5070Ti Gaming OC, pn: GV-N507TGAMING OC-16GD",Gpu,69599.0,0
"Gigabyte RTX 5070Ti Aero OC, pn: GV-N507TAERO-OC-16GD",Gpu,71399.0,0
"Gigabyte RTX 5070Ti Eagle OC SFF, pn: GV-N507TEAGLE OC-16GD",Gpu,66150.0,0
"Gigabyte RTX 5070Ti Eagle OC ICE SFF, pn: GV-N507TEAGLEOC-ICE-16GD",Gpu,67699.0,0
Colorful iGame RTX 5080 Vulcan OC V,Gpu,84999.0,0
Colorful iGame RTX 5070Ti Ultra W OC V,Gpu,59999.0,0
"Sapphire Radeon RX 9070 Nitro+ OC, pn: SPR-11349-01-20G",Gpu,48099.0,0
"MSI RTX 4070Ti Ventus 3X OC V1,  pn: 912-V513-421",Gpu,49299.0,0
"MSI RTX 5090 Vanguard SOC Lauch Edition, pn: 912-V530-028",Gpu,197350.0,0
"MSI RTX 5070 Vanguard SOC Lauch Edition, pn: 912-V532-050",Gpu,47150.0,0
"Aorus Radeon RX 9070XT Elite, pn: GV-R9070XTAORUS-E-16GD",Gpu,54499.0,0
"Inno3d RTX 5070 Twin X2, pn: N50702-12D7-195064N",Gpu,38250.0,0
"Inno3d RTX 5070 Twin X2 OC black, pn: N50702-12D7X-195064N",Gpu,40199.0,0
"Inno3d RTX 5070 Twin X2 OC white, pn: N50702-12D7X-195064W",Gpu,40999.0,0
"Palit RTX 5070 Infinity 3, pn: NE75070019K9-GB2050S",Gpu,42399.0,0
"8G Asus RTX 4060Ti Dual OC white, pn: DUAL-RTX4060TI-O8G-WHITE",Gpu,26199.0,8
"8G Asus RTX 4060Ti TUF Gaming OC, pn: TUF-RTX4060TI-O8G-GAMING",Gpu,28899.0,3
"8G Asus RTX 4060Ti Strix OC, pn: ROG-STRIX-RTX4060TI-O8G-GAMING",Gpu,30199.0,6
"8G Asus RTX 4060Ti Dual EVO OC, pn: DUAL-RTX4060TI-O8G-EVO",Gpu,26999.0,9
"8G Asus RTX 4060Ti Prime OC, pn: PRIME-RTX4060TI-O8G",Gpu,26650.0,11
"16G Asus RTX 4060Ti Dual EVO OC, pn: DUAL-RTX4060TI-O16G-EVO",Gpu,30999.0,9
"MSI RTX 5080 Vanguard SOC Launch Edition, pn: 912-V531-032",Gpu,89199.0,0
"MSI RTX 5090 Vanguard SOC Launch Edition, pn: 912-V530-028",Gpu,197350.0,0
"MSI RTX 5070Ti Vanguard SOC Launch Edition, pn: 912-V531-068",Gpu,63650.0,0
"MSI RTX 5070 Vanguard SOC Launch Edition, pn: 912-V532-050",Gpu,49950.0,0
"Gigabyte RTX 5070Ti Windforce SFF, pn: GV-N507TWF3-16GD",Gpu,55599.0,0
"Gigabyte RTX 5070 Windforce SFF, pn: GV-N5070WF3-12GD",Gpu,39999.0,0
"MSI RTX 5080 Shadow 3X OC, pn: 912-V531-031",Gpu,74399.0,0
"MSI RTX 5090 Ventus 3X OC, pn: 912-V530-060",Gpu,171350.0,0
"MSI RTX 5070 Ventus 3X OC, pn: 912-V532-007",Gpu,44799.0,0
"MSI RTX 5070 Gaming Trio OC, pn: 912-V532-019",Gpu,46799.0,0
"8G Palit RTX 5060Ti Dual, pn: NE7506T019P1-GB2062D",Gpu,26599.0,0
"MSI RTX 5090 Suprim Liquid SOC, pn: 912-V530-025",Gpu,219999.0,0
"MSI RTX 5070Ti Shadow 3X OC, pn: 912-V531-097",Gpu,56499.0,0
"MSI RTX 5070 Ventus 2X OC, pn: 912-V532-008",Gpu,40699.0,0
"MSI RTX 5070 Shadow 2X OC, pn: 912-V532-011",Gpu,39099.0,0
"8G MSI RTX 5060Ti Ventus 2X OC Plus, pn:",Gpu,26599.0,0
"8G MSI RTX 5060Ti Gaming Trio OC, pn:",Gpu,28999.0,0
"16G MSI RTX 5060Ti Vanguard SOC, pn:",Gpu,35500.0,0
"16G MSI RTX 5060Ti Ventus 2X OC Plus, pn:",Gpu,30500.0,0
"8G Zotac RTX 5060Ti Twin Edge OC, pn: ZT-B50610H-10M",Gpu,26450.0,0
"16G Zotac RTX 5060Ti Twin Edge OC, pn:",Gpu,29799.0,0
"Aorus RTX 5070 Master, pn: GV-N5070AORUS-M-12GD",Gpu,49999.0,0
"16G Gigabyte RTX 5060Ti Winforce OC SFF, pn: GV-N506TWF2OC-16GD",Gpu,31799.0,0
"16G Gigabyte RTX 5060Ti Gaming OC, pn: GV-N506TGAMING-OC-16GD",Gpu,35999.0,0
"16G Gigabyte RTX 5060Ti Aero OC, pn: GV-N506TAERO-OC-16GD",Gpu,36850.0,0
"16G Gigabyte RTX 5060Ti Eagle OC ICE, pn: GV-N506TEAGLEOC ICE-16GD",Gpu,34450.0,0
Colorful iGame RTX 5070 Ultra W OC V,Gpu,41999.0,0
Colorful iGame RTX 5070 NB EX,Gpu,40999.0,0
"8G MSI RTX 5060Ti Ventus 2X OC Plus, pn: 912-V536-024",Gpu,26599.0,0
"8G MSI RTX 5060Ti Gaming Trio OC, pn: 912-V536-022",Gpu,28999.0,0
"16G MSI RTX 5060Ti Vanguard SOC, pn: 912-V535-026",Gpu,35500.0,0
"16G MSI RTX 5060Ti Ventus 2X OC Plus, pn: 912-V535027",Gpu,30500.0,0
"16G Gigabyte RTX 5060Ti Winforce OC, pn: GV-N506TWF2OC-16GD",Gpu,31799.0,0
"16G Asus RTX 5060Ti Dual OC, pn: DUAL-RTX5060TI-O16G",Gpu,31850.0,0
"16G Asus RTX 5060Ti Prime OC, pn: PRIME-RTX5060TI-O16G",Gpu,35199.0,0
"16G Asus RTX 5060Ti TUF Gaming OC, pn: TUF-RTX5060TI-O16G-GAMING",Gpu,38950.0,0
"MSI RTX 5070 Gaming Trio OC white, pn: 912-V532-021",Gpu,44199.0,0
"MSI RTX 5070 Shadow 3X OC, pn: 912-V532-008",Gpu,41199.0,0
16G Colorful iGame RTX 5060Ti NB Duo V,Gpu,29699.0,0
"Palit RTX 5080 Gaming Pro, pn: NE75080019T2-GB2031A",Gpu,75550.0,0
"16G Palit RTX 5060Ti Infinity 3, pn: NE7506T019T1-GB2061S",Gpu,29699.0,0
"8G Asus RTX 5060Ti Prime, pn: PRIME-RTX5060TI-8G",Gpu,30199.0,0
"MSI RTX 5090 Vanguard SOC, pn:",Gpu,197350.0,0
"16G Gigabyte RTX 5060Ti Eagle OC, pn: GV-N506TEAGLE OC-16GD",Gpu,33699.0,0
"Zotac RTX 5070 Twin Edge OC, pn:",Gpu,37999.0,0
"Zotac RTX 5070 AMP white, pn:",Gpu,40350.0,0
"ASRock Radeon RX 9070 Steel Legend OC, pn: RX9070 SL 16GO",Gpu,45499.0,0
"ASRock Radeon RX 9070XT Steel Legend Dark, pn: RX9070XT SLD 16G",Gpu,49999.0,0
"ASRock Radeon RX 9070XT Steel Legend, pn: RX9070XT SL 16G",Gpu,49999.0,0
"MSI RTX 5090 Vanguard SOC, pn: 912-V530-027",Gpu,197350.0,0
"Zotac RTX 5070 Twin Edge OC, pn: ZT-B50700H-10P",Gpu,37999.0,0
"Zotac RTX 5070 AMP white, pn: ZT-B50700FQ-10P",Gpu,40350.0,0
"Aorus RTX 5090 Xtreme Waterforce, pn: GV-N5090AORUSX-W-32GD",Gpu,225999.0,0
"8G Gigabyte RTX 5060Ti Windforce, pn: GV-N506TWF2-8GD",Gpu,26199.0,0
"8G Gigabyte RTX 5060Ti Windforce OC, pn: GV-N506TWF2OC-8GD",Gpu,26999.0,0
"8G Gigabyte RTX 5060Ti Gaming OC, pn: GV-N506TGAMING-OC-8GD",Gpu,28999.0,0
"8G Gigabyte RTX 5060Ti Eagle OC ICE, pn: GV-N506TEAGLEOC-ICE-8GD",Gpu,28199.0,0
"16G Gigabyte RTX 5060Ti Windforce, pn: GV-N506TWF2-16GD",Gpu,29899.0,0
"Asus RTX 5070 Prime, pn: PRIME-RTX5070-12G",Gpu,45999.0,0
"Aorus RTX 5090 Xtreme Waterforce, pn: GV-N5090AORUSX W-32GD",Gpu,225999.0,0
"8G Gigabyte RTX 5060Ti Eagle OC ICE, pn: GV-N506TEAGLEOC ICE-8GD",Gpu,28199.0,0
"Galax RTX 5070Ti EX Gamer 1-Click OC White 3X Fan, pn: 57IZN6MDBVGW",Gpu,57999.0,0
"Galax RTX 5070 1-Click OC, pn: 57NON7MDBROC",Gpu,39850.0,0
"8G Galax RTX 5060Ti 1-Click OC Black, pn: 56ISN8MDCPCT",Gpu,26999.0,0
"16G Galax RTX 5060Ti 1-Click OC Black, pn: 56IZN8MDCPOC",Gpu,29999.0,0
"16G Zotac RTX 5060Ti Twin Edge OC, pn: ZT-B50620H-10M",Gpu,29799.0,0
"6G Palit RTX 3050 Storm X, pn: NE63050018JE-1072F",Gpu,9499.0,10
"8G Asus RTX 5060Ti Dual OC, pn: DUAL-RTX5060TI-O8G",Gpu,28999.0,0
"Asus RTX 5060 Prime OC, pn: PRIME-RTX5060-O8G",Gpu,23999.0,0
"Asus RTX 5060 TUF Gaming OC, pn: TUF-RTX5060-O8G-GAMING",Gpu,26999.0,0
"MSI RTX 5060 Ventus 2X OC, pn: 912-V537-017",Gpu,20500.0,0
"Aorus RTX 5080 Master, pn: GV-N5080AORUS-M-16GD",Gpu,99999.0,0
"Aorus RTX 5060 Elite, pn: GV-N5060AORUS E-8GD",Gpu,22999.0,0
"Gigabyte RTX 5070Ti Gaming OC, pn: GV-N507TGAMING-OC-16GD",Gpu,69599.0,0
"Gigabyte RTX 5070Ti Eagle OC SFF, pn: GV-N507TEAGLE-OC-16GD",Gpu,64999.0,0
"Gigabyte RTX 5060 Windforce, pn: GV-N5060WF2-8GD",Gpu,19999.0,0
"Gigabyte RTX 5060 Windforce OC, pn: GV-N5060WF2OC-8GD",Gpu,20650.0,0
"Gigabyte RTX 5060 Gaming OC, pn: GV-N5060GAMING OC-8GD",Gpu,21999.0,0
"Gigabyte RTX 5060 Aero OC, pn: GV-N5060AERO OC-8GD",Gpu,22399.0,0
"Gigabyte RTX 5060 Eagle OC, pn: GV-N5060EAGLE OC-8GD",Gpu,20899.0,0
"Gigabyte RTX 5060 Eagle OC ICE, pn: GV-N5060EAGLEOC ICE-8GD",Gpu,21299.0,0
"Asus RTX 5070Ti Strix OC, pn: ROG-STRIX-RTX5070TI-O16G-GAMING",Gpu,78499.0,0
"8G Asus RTX 5060Ti Prime OC, pn: PRIME-RTX5060TI-O8G",Gpu,30999.0,0
"8G Asus RTX 5060Ti TUF Gaming OC, pn: TUF-RTX5060TI-O8G-GAMING",Gpu,34199.0,0
"Galax RTX 5060 1-Click OC Black Lauch Edition, pn: 56NSN8MDCPLE",Gpu,20350.0,0
"Galax RTX 5060 1-Click OC White Lauch Edition, pn: 56NSN8MDCQLE",Gpu,20799.0,0
"Zotac RTX 5060 AMP, pn: ZT-B50600F-10M",Gpu,20850.0,0
"Zotac RTX 5060 Solo, pn: ZT-B50600G-10L",Gpu,19199.0,0
"16G Asus RTX 5060Ti Prime, pn: PRIME-RTX5060TI-16G",Gpu,33499.0,0
"MSI RTX 5070Ti Gaming Trio OC, pn: 912-V531-272",Gpu,65250.0,0
"8G MSI RTX 5060Ti Gaming OC, pn: 912-V536-026",Gpu,28350.0,0
"16G MSI RTX 5060Ti Ventus 2X Plus, pn: 912-V535-048",Gpu,29199.0,0
"16G MSI RTX 5060Ti Ventus 2X OC Plus, pn: 912-V535-027",Gpu,30500.0,0
"8G Palit RTX 5060Ti Infinity 3, pn: NE7506T019P1-GB2062S",Gpu,27350.0,0
"Palit RTX 5060 Dual, pn: NE75060019P1-GB2063D",Gpu,19999.0,0
"Palit RTX 5060 Infinity 3, pn: NE75060019P1-GB2063S",Gpu,20650.0,0
"Gigabyte RTX 5070 Aero OC, pn: GV-N5070AERO-OC-12GD",Gpu,47399.0,0
"8G Gigabyte RTX 5060Ti Aero OC, pn: GV-N506TAERO-OC-8GD",Gpu,29550.0,0
"8G Gigabyte RTX 5060Ti Eagle OC, pn: GV-N506TEAGLE-OC-8GD",Gpu,27599.0,0
"8G Sapphire Radeon RX 9060XT Pulse OC, pn: SPR-11350-04-20G",Gpu,20699.0,0
"16G Sapphire Radeon RX 9060XT Pulse OC, pn: SPR-11350-03-20G",Gpu,23999.0,0
"16G Sapphire Radeon RX 9060XT Pure OC, pn: SPR-11350-02-20G",Gpu,25560.0,0
"8G Gigabyte Radeon RX 9060XT Gaming, pn: GV-R9060XTGAMING-8GD",Gpu,22999.0,0
"8G Gigabyte Radeon RX 9060XT Gaming OC, pn: GV-R9060XTGAMING-OC-8GD",Gpu,23999.0,0
"16G Gigabyte Radeon RX 9060XT Gaming OC, pn: GV-R9060XTGAMING-OC-16GD",Gpu,27999.0,0
"Asus RTX 5060 Dual OC, pn: DUAL-RTX5060-O8G",Gpu,21199.0,0
"Galax RTX 5070 1-Click OC white, pn: 57NON7MDBSWH",Gpu,39699.0,0
"Zotac RTX 5070Ti Solid OC SFF, pn: ZT-B50710J3-10P",Gpu,54550.0,0
"Zotac RTX 5070Ti AMP Extreme Infinity, pn: ZT-B50710B-10P",Gpu,59499.0,0
"Zotac RTX 5070 Solid OC, pn: ZT-B50700J-10P",Gpu,37899.0,0
"8G Asus Radeon RX 9060XT Prime OC, pn: PRIME-RX9060XT-O8G",Gpu,24399.0,0
"8G Asus Radeon RX 9060XT Dual, pn: DUAL-RX9060XT-8G",Gpu,23299.0,0
"16G Asus Radeon RX 9060XT Prime OC, pn: PRIME-RX9060XT-O16G",Gpu,30299.0,0
"16G Asus Radeon RX 9060XT TUF Gaming OC, pn: TUF-RX9060XT-O16G-GAMING",Gpu,31599.0,0
"ASRock Radeon RX 9070XT Taichi OC, pn: RX9070XT TC 16GO",Gpu,51099.0,0
"Asus RTX 5070 Strix OC, pn: ROG-STRIX-RTX5070-O12G-GAMING",Gpu,55350.0,0
"8G MSI RTX 5060Ti Ventus 2X Plus, pn: 912-V536-051",Gpu,24750.0,0
"Asus RTX 5070Ti TUF Gaming OC white, pn: TUF-RTX5070TI-O16G-WHITE-GAMING",Gpu,69999.0,0
"8G MSI RTX 3050 Ventus 2X XS OC, pn:",Gpu,11999.0,0
"MSI RTX 5070 Inspire 3X OC, pn: 912-V532-017",Gpu,41250.0,0
"Galax RTX 5060 1-Click OC Black Launch Edition, pn: 56NSN8MDCPLE",Gpu,19899.0,0
"Galax RTX 5060 1-Click OC White Launch Edition, pn: 56NSN8MDCQLE",Gpu,20350.0,0
8G Colorful iGame RTX 5060Ti NB Duo-V,Gpu,24399.0,0
16G Colorful iGame RTX 5060Ti NB Duo-V,Gpu,27799.0,0
"8G ASRock Radeon RX 9060XT Steel Legend OC, pn: RX9060XT SL 8GO",Gpu,21699.0,0
"8G ASRock Radeon RX 9060XT Challenger OC, pn: RX9060XT CL 8GO",Gpu,20299.0,0
"16G ASRock Radeon RX 9060XT Challenger OC, pn: RX9060XT CL 16GO",Gpu,23450.0,0
"16G ASRock Radeon RX 9060XT Steel Legend OC, pn: RX9060XT SL 16GO",Gpu,24850.0,0
"8G Palit RTX 5060 Dual, pn: NE75060019P1-GB2063D",Gpu,19250.0,0
"8G Palit RTX 5060 Infinity 3, pn: NE75060019P1-GB2063S",Gpu,19999.0,0
"8G Asus RTX 5060 Dual OC, pn: DUAL-RTX5060-O8G",Gpu,21199.0,0
"8G Asus RTX 5060 Prime OC, pn: PRIME-RTX5060-O8G",Gpu,23599.0,0
"8G Asus RTX 5060 TUF Gaming OC, pn: TUF-RTX5060-O8G-GAMING",Gpu,25999.0,0
"8G MSI RTX 5060 Ventus 2X OC, pn: 912-V537-017",Gpu,19999.0,0
"8G Galax RTX 5060 1-Click OC Black Launch Edition, pn: 56NSN8MDCPLE",Gpu,19899.0,0
"8G Galax RTX 5060 1-Click OC White Launch Edition, pn: 56NSN8MDCQLE",Gpu,20350.0,0
"8G Zotac RTX 5060 AMP, pn: ZT-B50600F-10M",Gpu,19750.0,0
"8G Zotac RTX 5060 Solo, pn: ZT-B50600G-10L",Gpu,18199.0,0
"8G Aorus RTX 5060 Elite, pn: GV-N5060AORUS E-8GD",Gpu,22150.0,0
"8G Gigabyte RTX 5060 Windforce, pn: GV-N5060WF2-8GD",Gpu,19550.0,0
"8G Gigabyte RTX 5060 Windforce OC, pn: GV-N5060WF2OC-8GD",Gpu,19999.0,0
"8G Gigabyte RTX 5060 Gaming OC, pn: GV-N5060GAMING OC-8GD",Gpu,21299.0,0
"8G Gigabyte RTX 5060 Eagle OC, pn: GV-N5060EAGLE OC-8GD",Gpu,20250.0,0
"8G Gigabyte RTX 5060 Eagle OC ICE, pn: GV-N5060EAGLEOC ICE-8GD",Gpu,20599.0,0
Colorful iGame RTX 5070 NB EX V2-V,Gpu,37699.0,0
8G Colorful iGame RTX 5060 NB Duo-V,Gpu,18999.0,0
"Asus RTX 5070 Dual OC, pn: DUAL-RTX5070-O12G",Gpu,40999.0,0
"16G MSI RTX 4060Ti Gaming X Slim Black, pn: 912-V517-084",Gpu,29550.0,0
"MSI RTX 5070Ti Vanguard SOC, pn: 912-V531-068",Gpu,59999.0,0
"MSI RTX 5070 Vanguard SOC, pn: 912-V532-054",Gpu,45399.0,0
"MSI RTX 5070 Ventus 2X OC white, pn:",Gpu,39999.0,0
"8G MSI RTX 5060Ti Ventus 3X OC, pn:",Gpu,26399.0,0
"8G MSI RTX 5060Ti Gaming Trio OC white, pn:",Gpu,28799.0,0
"8G MSI RTX 5060Ti Shadow 2X OC Plus, pn:",Gpu,24750.0,0
"16G MSI RTX 5060Ti Ventus 3X OC, pn:",Gpu,30199.0,0
"16G MSI RTX 5060Ti Gaming Trio OC white, pn:",Gpu,32999.0,0
"8G MSI RTX 5060 Inspire 2X OC, pn:",Gpu,21150.0,0
"8G MSI RTX 5060 Shadow 2X OC, pn:",Gpu,19350.0,0
"8G MSI RTX 5060 Gaming OC, pn:",Gpu,22199.0,0
"16G Gigabyte RTX 5060Ti Windforce OC, pn: GV-N506TWF2OC-16GD",Gpu,30250.0,0
Colorful iGame RTX 5070 Battle AX NB EX 12GB-V,Gpu,37650.0,0
Colorful iGame RTX 5070 Battle AX NB EX 12GB V2-V,Gpu,37699.0,0
8G Colorful iGame RTX 5060Ti Battle AX NB Duo 8GB-V,Gpu,24399.0,0
16G Colorful iGame RTX 5060Ti Battle AX NB Duo 16GB-V,Gpu,27799.0,0
8G Colorful iGame RTX 5060 Battle AX NB Duo 8GB-V,Gpu,18999.0,0
8G Colorful iGame RTX 5050 Battle AX NB Duo 8GB-V,Gpu,16999.0,0
"Sapphire Radeon RX 7700XT Pure Gaming OC, pn: SPR-11335-03-20G",Gpu,27999.0,6
"ASRock Radeon RX 9070 Challenger OC, pn:",Gpu,41999.0,0
